{
  "metaData": {
    "sizes": [
      2,
      3,
      1
    ],
    "learningRate": 0.15,
    "epochs": 10000,
    "errorThreshold": 0.001,
    "trainingName": "XOR_TRAINING"
  },
  "weights": [
    [
      [
        -8.627921180421906,
        -8.649813461563028
      ],
      [
        6.8358652356340635,
        -10.13323494749197
      ],
      [
        -10.04638753736606,
        6.583520134262374
      ]
    ],
    [
      [
        -4.644428673634799,
        6.564704661336813,
        6.571787600140295
      ]
    ]
  ],
  "biases": [
    [
      2.6255689902852284,
      -2.3021475288479807,
      -2.1166018650049714
    ],
    [
      -3.023857736448651
    ]
  ]
}